tweet_id,writer,post_date,body,comment_num,retweet_num,like_num
550441509175443456,VisualStockRSRC,1420070457,"lx21 made $10,008  on $AAPL -Check it out! http://profit.ly/1MnD8s?aff=202 Learn #howtotrade http://bit.ly/1c1NljX $EXE $WATT $IMRS $CACH $GMO",0,0,1
550441672312512512,KeralaGuy77,1420070496,Insanity of today weirdo massive selling. $aapl bid up 45 cents after hours after non stop selling in trading hours,0,0,0
550441732014223360,DozenStocks,1420070510,S&P100 #Stocks Performance $HD $LOW $SBUX $TGT $DVN $IBM $AMZN $F $APA $GM $MS $HAL $DIS $MCD $BMY $XOM  more@ http://12Stocks.com/sp100,0,0,0
550442977802207232,ShowDreamCar,1420070807,$GM $TSLA: Volkswagen Pushes 2014 Record Recall Tally Higher https://pic.twitter.com/WIIc1lW7hW @ProTradersNews http://growword.com/2015/01/01/0246.html… @theferrarifan,0,0,1
550443807834402816,i_Know_First,1420071005,Swing Trading: Up To 8.91% Return In 14 Days http://ow.ly/GDks0 #swingtrading #forecast #techstock $MWW $AAPL $TSLA,0,0,1
550443808606126081,aaplstocknews,1420071005,Swing Trading: Up To 8.91% Return In 14 Days http://ow.ly/GDkrL #swingtrading #forecast #techstock $MWW $AAPL $TSLA,0,0,1
550443809700851716,iknowfirst,1420071005,Swing Trading: Up To 8.91% Return In 14 Days http://ow.ly/GDkrW #swingtrading #forecast #techstock $MWW $AAPL $TSLA,0,0,1
550443857142611968,Cprediction,1420071016,Swing Trading: Up To 8.91% Return In 14 Days http://ow.ly/GDkrN #swingtrading #forecast #techstock $MWW $AAPL $TSLA,0,0,1
550443857595600896,iknowfirst_br,1420071017,Swing Trading: Up To 8.91% Return In 14 Days http://ow.ly/GDkrZ #swingtrading #forecast #techstock $MWW $AAPL $TSLA,0,0,1
550443857692078081,Gold_prediction,1420071017,Swing Trading: Up To 8.91% Return In 14 Days http://ow.ly/GDkrP #swingtrading #forecast #techstock $MWW $AAPL $TSLA,0,0,1
550443858010861568,IKFResearch,1420071017,Swing Trading: Up To 8.91% Return In 14 Days http://ow.ly/GDkrT #swingtrading #forecast #techstock $MWW $AAPL $TSLA,0,0,1
550444112328261632,GetAOM,1420071077,$UNP $ORCL $QCOM $MSFT $AAPL Top scoring mega caps right now at the end of 2014 on http://GetAOM.com,0,0,0
550444969924653056,AppleNewsAAPL,1420071282,$AAPL Apple goes global with 'Start Something New' ad campaign http://bit.ly/1tof86M @MaximumPenny,0,0,1
550444970738335744,espositooooo,1420071282,“@WSJ: Apple is being sued for falsely advertising the storage capacity of iPhones: http://on.wsj.com/13TL64c $AAPL” ,0,0,0
550445066444369921,Bidnessetc,1420071305,Apple filed for its own stylus patent in 2010 http://buff.ly/1xA3Yjf $AAPL,0,0,0
550445850170642432,JorelLaraKalel,1420071492,@CNBC 15 Top #trades for #2015 #FastMoney $TIF $AAPL $TGT $TWTR $BIDU $WYNN $IBM $EOG $APC http://stks.co/j1V7z  http://stks.co/h1VAV,0,0,2
550447574285418497,btcgemini,1420071903,We searched through hundreds of charts and found 20 that perfectly capture 2014. Here they are http://stks.co/r1Dmb $AAPL $BABA $SPY,0,0,0
550447850857828352,JorelLaraKalel,1420071969,Top 10 searched #stocks of #2014 $AAPL $FB $BABA $TSLA $BAC $GOOG $INTC $GE $TWTR $AMZN http://stks.co/g1V5S http://stks.co/h1VAb,0,0,2
550447998577426433,UPBOptionMil,1420072004,2014 The Year in Review (Part II - THE END) http://optionmillionaires.com/stock-options-2014-rewind-year-review-part-iii-end/… $AAPL $GOOGL $SPY $VXX $X $USO $PCLN $BIDU $TLT,0,2,2
550448085789200384,MacHashNews,1420072025,Give your brain a workout with Squares – Challenging Puzzle Game http://dlvr.it/7zTvGm #AppAdvice $AAPL,0,0,0
550449439631233026,Market_Screener,1420072347,#GOOGLE 'C' : Chinese paper blames Google over Gmail blocking  http://4-traders.com/GOOGLE-INC-C-16118013/news/GOOGLE-C--Chinese-paper-blames-Google-over-Gmail-blocking-19608660/… $GOOG,0,0,0
550450683309072384,10Xtrading,1420072644,Clay Trader Apple Inc. $AAPL Stock Chart Technical Analysis for 12-31-14http://stks.co/b1RA0,0,0,0
550452877466935296,TheTrendIsUp,1420073167,My biggest winner in 2014: Inverse Volatility ETF $XIVMy biggest loser in 2014: Apple $AAPL,1,0,0
550453087731982336,DCaptura,1420073217,"""http://iphone.appleinsider.com/articles/14/12/30/editorial-the-world-revolved-around-apple-inc-in-2014…"" .@DanielEran Awesome journalism as usual. #mustread $GOOG $AAPL",0,3,3
550453172096217088,jakubhajost,1420073237,RT @SeekingAlpha: A Look At BlackBerry's Deals And Acquisitions In 2014 http://seekingalpha.com/article/2791275-a-look-at-blackberrys-deals-and-acquisitions-in-2014?source=feed_f… $AMZN $BBRY,0,0,0
550453624258965505,WSJ,1420073345,Jeff Bezos lost $7.4 billion in Amazon's worst year since 2008: http://on.wsj.com/1Acvuo6 $AMZN,21,139,57
550453897714995200,GillesKLEIN,1420073410,Jeff Bezos lost $7.4 billion in #Amazon worst year since 2008 (Wall Street Journal) http://on.wsj.com/1Acvuo6  $AMZN,1,2,1
550453940715016192,RickyJMarc,1420073421,Ouch. RT @WSJ: Jeff Bezos lost $7.4 billion in Amazon's worst year since 2008: http://bit.ly/1B6QAFJ $AMZN,0,0,0
550454089151438848,napeterson208,1420073456,And I bet he has billions more! “@WSJ: Jeff Bezos lost $7.4 billion in Amazon's worst year since 2008: http://on.wsj.com/1Acvuo6 $AMZN”,0,0,0
550454439950053377,DcSlumdog,1420073540,Jeff Bezos lost $7.4 billion in Amazon's worst year since 2008  ................................           http://on.wsj.com/1Acvuo6 $AMZN,0,0,0
550455355134578688,BoilerWarrior,1420073758,"http://StockAviator.com....Top penny stocks, NYSE, and NASDAQ trades from the stock market today. +296% last week.   $KGC $ERBB $F $MSFT",0,0,0
550455384734183424,StocksThatDoubl,1420073765,Want alerts for momentum stocks about to run? SUBSCRIBE: http://BiloSelhi.com   $RDHL $AAPL $XOM $MSFT $INTC $AMZN,0,0,0
550455534324047873,caroltheva,1420073801,Sneaky techniques for an Options trading edge http://bit.ly/OptGueTac $CMG $TSLA $BIDU,0,0,0
550455644403167233,RiggyQueen,1420073827,"Jeff Bezos lost $7.4 billion in Amazon's worst year since 2008: http://on.wsj.com/1Acvuo6 $AMZN""",0,0,0
550456184957067264,itassessors,1420073956,Jeff Bezos lost $7.4 billion in Amazon's worst year since 2008: http://on.wsj.com/1Acvuo6 $AMZN,0,0,0
550456665607122944,t_nathan95,1420074070,Had a down day of -.66%. Worst performer was $AAPL down -1.9% and best was $SBUX up _.32%. #Performance #Transparency,0,0,0
550458273850470401,OUDMG,1420074454,RT WSJ: Jeff Bezos lost $7.4 billion in Amazon's worst year since 2008: http://on.wsj.com/1Acvuo6  $AMZN,0,0,0
550458700402413569,BoogieColin,1420074555,"Lol ""@WSJ: Jeff Bezos lost $7.4 billion in Amazon's worst year since 2008: http://on.wsj.com/1Acvuo6 $AMZN""",0,0,0
550459042787651584,petergo99037185,1420074637,"YR %,  /-, $TSLA  47.85%, $FB  42.77%, $TWTR -43.64%, $AAPL  37.72%, $GLD -2.19%, $SLV -19.51%, Wti Crude $OIL -41.11%, @NG.1 NatGas -33.12%",0,0,0
550460156832522241,teslaliving,1420074903,2014 - The year of the Model S http://wp.me/p4oQs3-jZ #Tesla @TeslaMotors $TSLA $SCTY @SolarCity @Teslaownerblog,0,0,1
550460180631011328,Maximum_Pain_cm,1420074908,$AMZN OI for maturity 01/02/2015. 275.00 Highest put. 320.00 Highest call. http://maximum-pain.com/open-interest.aspx?s=AMZN&e=01/02/2015…,0,0,0
550460947098505216,SoyTenochca,1420075091,"""@WSJ: Jeff Bezos lost $7.4 billion in Amazon's worst year since 2008: http://on.wsj.com/1Acvuo6 $AMZN"" @CaudilloAlf",0,1,1
550461555423584257,t_nathan95,1420075236,Prediction: $TWTR $GRPN $YELP are acquired as big tech ( $BABA $GOOGL $GOOG $YHOO) look to increase their shares in social media,0,0,1
550462028742414336,t_nathan95,1420075349,Prediction: $AAPL makes a huge acquisition (Similar to Beats deal; maybe $GPRO?) and begins to tap into its cash hoard,0,0,1
550462670353494016,t_nathan95,1420075502,Prediction: PayPal post-spinoff and $PAY are no longer independent companies. They are bought by $GOOGL $V or $MA to compete with $AAPL pay,0,0,0
550462935932608512,StocksThatDoubl,1420075565,http://BiloSelhi.com subscribers alerted to 10-250% gain options. JOIN NOW $QQQ $AAPL ,0,0,0
550463153499561984,BeMyMBA,1420075617,Whoa! @WSJ: Jeff Bezos lost $7.4 billion in Amazon's worst year since 2008: http://on.wsj.com/1Acvuo6 $AMZN,0,0,0
550463776437174272,The_Dumb_Money,1420075766,"$goog is roughly fairly valued, not a buy or sell.",0,0,0
550464081224663040,ShowDreamCar,1420075838,$GM $TSLA: Volkswagen Pushes 2014 Record Recall Tally Higher VLKAY GM https://pic.twitter.com/Pp3VUzGInR @StockNewsWires http://growword.com/2015/01/01/0246.html…,0,0,0
550465114764083200,AppleNewsAAPL,1420076085,"$AAPL Apple's iTunes Connect open, 2014 app deals ending http://bit.ly/1toOLO1 @MaximumPenny",0,0,0
550465282012348417,TyShrop,1420076125,Can't update my iPad because of this... Apple sued for shrinking storage space on 16GB devices thanks to iOS 8 $AAPL,0,0,0
550465831218712576,JaredLeClaire15,1420076255,"$AAPL is up nearly 20% post 7:1 split on June 9, 2014.",0,0,0
550465988442214400,valuewalk,1420076293,$MU $AAPL $SUNE Propel Greenlight To 9% Return In 2014 http://valuewalk.com/2014/12/apple-micron-sune-greenlight/… $MRVL $GLD,0,0,4
550466341342543873,jferrell323,1420076377,"Weird, bc we signed up for Prime “@WSJ: Jeff Bezos lost $7.4 billion in Amazon's worst year since 2008: http://on.wsj.com/1Acvuo6 $AMZN”",0,0,0
550466497655877633,PBratbyOfficial,1420076414,"Trailing Stop taken out on my $GOOGL #trade taking my locked in profits, Read My Full Trade Diary for ALL to view http://ow.ly/GDYGz",0,0,0
550466514487635969,caroltheva,1420076418,Get started in the markets with this Intro course http://bit.ly/IntroFin $AMZN $FB $TWTR,0,0,0
550466516538630147,t_nathan95,1420076419,Investment Themes: The american consumer is confident again $AAPL $V $PAY $MA $AXP $UA $M $TJXC $PVH $GIII $DIS,0,0,0
550466945061908482,The_Dumb_Money,1420076521,"IMHO, $MSFT shockingly remains MILDLY undervalued",1,0,0
550467140688838656,andrewlabutka,1420076568,"@A_TRON3000 An idiot could run $AMZN at a profit, but only Bezos could run it at a loss. #ThatsACompliment",0,0,0
550467297605713920,roadrunnergreg,1420076605,"World’s 400 Richest People Add $92-B In 2014: World’s 400 Richest People Add $92-B In 2014 $AMZN, $BABA, $BX, ... http://tinyurl.com/ne9rgyc",0,0,0
550467300088766464,GregsHealth,1420076606,"World’s 400 Richest People Add $92-B In 2014: World’s 400 Richest People Add $92-B In 2014 $AMZN, $BABA, $BX, ... http://tinyurl.com/ne9rgyc",0,0,0
550467302135582720,ShayneHeffernan,1420076606,"World’s 400 Richest People Add $92-B In 2014: World’s 400 Richest People Add $92-B In 2014 $AMZN, $BABA, $BX, ... http://bit.ly/1zylvGK",0,0,0
550467938017218560,BreakoutStocks,1420076758,What usually happens after Apple $AAPL breaks out? http://topbreakoutstocks.com/aapl,0,0,0
550467962071973889,caroltheva,1420076764,Free Iron condor setup course http://bit.ly/IronCond $CMG $TSLA $BIDU,0,0,0
550468859879505921,UnderGradStocks,1420076978,@CNNMoney I like $MSFT with him in charge. He seems to encourage change and innovation which the company struggled with in the past,0,0,0
550469294166134784,optionsangre,1420077081,top trades (my acct) 2014 - $PCYC $NFLX $FB $TSLA $CNQR - CNQR RIP,0,0,2
550469761390641152,caroltheva,1420077193,Understanding margins in Options http://bit.ly/MargSpre $CMG $TSLA $BIDU,0,0,0
550469965351227393,SkanndTyagi,1420077241,ForbesTech : 3D Systems and Amazon are set for stock rebounds in 2015: http://onforb.es/1wBqtAB $DDD $AMZN (http:...,0,0,0
550470796737798146,JaredLeClaire15,1420077439,Added some $AAPL today via selling put spreads.  Used part of the proceeds to buy some call spreads.  Can you tell I'm bullish?,0,0,0
550471417754845184,SentiQuant,1420077587,#SENTISHIFTUP $X $T $GOOGL $AMRN $UPIP $CNAT $GDX $DAX $CEMP $RXII #sentiquant 20141231 21:00:02:985,0,0,0
550471631034806273,RajeshThakur76,1420077638,"World’s 400 Richest People Add $92-B In 2014: World’s 400 Richest People Add $92-B In 2014 $AMZN, $BABA, $BX, ... http://bit.ly/1vvrZ76",0,0,0
550471634742542336,JohnStig2,1420077639,"World’s 400 Richest People Add $92-B In 2014: World’s 400 Richest People Add $92-B In 2014 $AMZN, $BABA, $BX, ... http://bit.ly/1vvrZ76",0,0,0
550471737629229056,Market_Screener,1420077664,#Apple : MacXDVD Gives Away MacX iPhone DVD Ripper as 2015 New Year Gift http://4-traders.com/APPLE-INC-4849/news/Apple--MacXDVD-Gives-Away-MacX-iPhone-DVD-Ripper-as-2015-New-Year-Gift-19608696/… $AAPL,0,0,0
550472066000887808,Tech_Terrorist,1420077742,3D Systems and Amazon are set for stock rebounds in 2015: http://onforb.es/1wBqtAB $DDD $AMZN | http://technoterrorist.com/?p=4518 #TechnoTerrorist,0,0,0
550473735606501376,BargainTrapper,1420078140,http://goo.gl/efUF0i  <--- Amazing subscriber to Super_Trades - check out his profit chart!! $TVIX $BDR $AAPL $GOOG $FB $TSLA,0,0,0
550473769852997632,caroltheva,1420078148,How to put a continuous Iron condor trade http://bit.ly/AdvIronCo $AAPL $GOOGL $PCLN,0,0,0
550474585783947267,jbaksht,1420078343,Amazon Chief Bezos Lost $7.4 Billion in Company’s Worst Year Since 2008. http://on.wsj.com/1xw4v98 $AMZN @amazon #PlayingTheLongGame @WSJ,0,0,1
550474898347290625,TweakTown,1420078417,H4LT group releases @Microsoft @Xbox One SDK online #infosec $MSFT http://tweaktown.to/1zSvw70,0,2,2
550475305602007040,InvestWall,1420078514,"Facebook, Apple, And Microsoft ganging up on Google - Business Insider http://ow.ly/GDeSt $FB, $AAPL, $GOOG, $MSFT #InvestWall",0,1,0
550475898676199424,Flower_Power_67,1420078656,"$AAPL has traded down the last two Januarys.— Colin Gillis, Fast Money#TradersEdge",0,0,0
550477679351570433,WeinsteinSA1,1420079080,RT @RobertWeinstein: Options Investor Newsletter Issue 137 http://stocksaints.com/newsletter/12886/options_investor_newsletter_issue_137… $USO $AMZN $TSLA $EXC $ALL $DVA,0,0,0
550478038920867840,StocksThatDoubl,1420079166,See the latest stock $PROFITS that my subscribers are making http://biloselhi.com/testimonials.html…. Join today! $GOOG $BAC $CVX $CSCO $BABA,0,1,1
550478771565113344,caroltheva,1420079341,Do you understand Option Greeks well http://bit.ly/OptGreek $NFLX $PCLN $TSLA,0,0,0
550479199144669184,ChuckDBrooks,1420079443,Tech Forecast: http://news.investors.com/technology/123114-732780-wearables-cloud-ott-tv-cybersecurity-big-in-2015-predictions.htm… #IBDNews via @IBDinvestors  $AAPL $MSFT $AMZN $GOOGL $NFLX $TMUS $T $VZ $HPQ $EMC $TWX $SNE $HD $TGT,0,0,2
550479777006497792,themotleyfool,1420079580,"#FoolFaves2014 Lo, how the mighty have fallen? Why the future of $AAPL's iPad is looking murkier:",0,7,5
550480246634733568,caroltheva,1420079692,Free course - Capital usage with Options http://bit.ly/CapiEffi $GLD $SLV $TSLA,0,0,0
550481219285438465,__Bolt,1420079924,Patent granted for $AAPL may be for new device http://ln.is/www.cnbc.com/id/lSDdE…,0,0,0
550483579684528129,DCaptura,1420080487,"""My increasing frustration with #Android in a single screenshot"" $GOOG http://zite.to/1B363Xv",0,0,0
550484093230542849,GoldenGlobeGGA,1420080609,$RSH $AAPL Apple should buy Radioshack and start pushing their entire line of products...,0,1,0
550484322772606978,CryptoGrain,1420080664,Apple is being sued for falsely advertising the storage capacity of iPhones: http://on.wsj.com/13TL64c $AAPL,0,0,0
550486654587514881,BackpackingEC,1420081220,3D Systems and Amazon are set for stock rebounds in 2015: http://onforb.es/1wBqtAB $DDD $AMZN,0,0,0
550489113468866561,InTheKnowMoney,1420081806,"The week's winners and losers on Wall Street: Apple gels, Marriott jams http://aol.it/1tkWug8 $AAPL $MAR",0,1,0
550489146624856064,CNBC,1420081814,"Earlier this month, a mysterious glitch caused $AAPL to suddenly drop 6% » http://cnb.cx/1wafKRS (via @JohnMelloy)",4,18,17
550490653067857920,ndrewWood,1420082173,"Dec 1st ""glitches"" with $AAPL stock were indicative of future shifts. Interesting concept.",0,0,1
550490695065407488,marketstocknews,1420082183,"RT CNBC: Earlier this month, a mysterious glitch caused $AAPL to suddenly drop 6% » http://cnb.cx/1wafKRS  (vi... http://ift.tt/1tpseAE",0,0,0
550490701562003457,paulchertyk,1420082185,"$tsla $scty Just gotta wait and be patient with these... Sucks, huh?",0,0,0
550491399788183553,Michael_Vasanth,1420082352,"RT CNBC: Earlier this month, a mysterious glitch caused $AAPL to suddenly drop 6% » http://cnb.cx/1wafKRS  (vi... http://ift.tt/1tpseAE",0,0,0
550493870069678080,caroltheva,1420082940,Option Greeks are critical in Options trading http://bit.ly/OptGreek $IBM $MSFT $HPQ,0,0,0
550494346978398209,Pharmdca,1420083054,@JoeP450 betting big on $cytr $gild $baba $aapl $$clvs $cldx $blue $ndrm $juno $sqnm $bbryspec stocks $amrn $cnat,1,0,1
550494473474433024,Maximum_Pain_cm,1420083084,$GOOG Max Pain is 530.00 for maturity 01/02/2015.  Price = 526.40. http://maximum-pain.com/max-pain.aspx?s=GOOG&e=01/02/2015…,0,0,0
550494538809081856,rhianna,1420083100,"FedEx, UPS Recalculate, Raise Rates  http://aol.it/1AdlB9u via @daily_finance $UPS $FDX $AMZN",0,0,0
550494675937665026,bullriders1,1420083133,Watch Out $AMZN Fresh!... Instacart's $2B home delivery service operates in fifteen U.S. cities with $WFM partnership,0,0,1
550495011113279488,AppleNewsAAPL,1420083213,$AAPL NewerTech releases new mounts for iMac models 2012 or later http://bit.ly/1EMHFgN @MaximumPenny,0,0,0
550498394062733312,caroltheva,1420084019,Using #Fibonacci for profitable exits http://bit.ly/FibRetrace $CMG $TSLA $BIDU,0,0,0
550498619107717120,Maximum_Pain_cm,1420084073,$GOOG OI for maturity 01/02/2015. 525.00 Highest put. 540.00 Highest call. http://maximum-pain.com/open-interest.aspx?s=GOOG&e=01/02/2015…,0,0,0
550499176422051840,WSJ,1420084206,Jeff Bezos lost $7.4 billion in Amazon's worst year since 2008: http://on.wsj.com/1BmKuz3 $AMZN,17,113,57
550499285528096768,MrBanker12,1420084232,RT @WSJ: Jeff Bezos lost $7.4 billion in Amazon's worst year since 2008: http://on.wsj.com/1BmKuz3 $AMZN,0,0,0
550499294969888770,shermfrederick,1420084234,RT “@WSJ: Jeff Bezos lost $7.4 billion in Amazon's worst year since 2008: http://on.wsj.com/1BmKuz3 $AMZN”,0,1,0
550499435055042561,trisetyarso,1420084267,"If you have a bad day, think about it >RT @WSJ: Jeff Bezos lost $7.4 billion in Amazon's worst year since 2008: http://on.wsj.com/1BmKuz3 $AMZN",0,0,0
550499684381249536,chintu30,1420084327,“@WSJ: Jeff Bezos lost $7.4 billion in #Amazon's worst year since 2008: http://on.wsj.com/1BmKuz3 $AMZN”,0,0,0
550499756192305152,makskarczmar,1420084344,“@WSJ: Jeff Bezos lost $7.4 billion in Amazon's worst year since 2008: http://on.wsj.com/1BmKuz3 $AMZN”lol,0,0,0
550499837851205632,FatherSiisi,1420084363,"Faddaludd  ""@WSJ: Jeff Bezos lost $7.4 billion in Amazon's worst year since 2008: http://on.wsj.com/1BmKuz3 $AMZN""",0,0,0
550499856322924544,BonnieLaden,1420084368,“@WSJ: Jeff Bezos lost $7.4 billion in Amazon's worst year since 2008: http://on.wsj.com/1BmKuz3 $AMZN”  can I just have 1 billion?,0,0,0
550499874555576321,YoungKingsEnt,1420084372,@DAE_DAY @YoungDiddy11 @Hisflyyness RT @WSJ: Jeff Bezos lost $7.4 billion in Amazon's worst year since 2008: http://on.wsj.com/1BmKuz3 $AMZN,1,0,0
550499879655456768,ScotPatterson,1420084373,“@WSJ: Jeff Bezos lost $7.4 billion in Amazon's worst year since 2008: http://on.wsj.com/1BmKuz3 $AMZN” Ouch,0,0,0
550500144794578946,BravesGasm,1420084436,"""@WSJ: Jeff Bezos lost $7.4 billion in Amazon's worst year since 2008: http://on.wsj.com/1BmKuz3 $AMZN"" I tried desperately to prevent this",1,0,2
550500329272639489,grifterR1,1420084480,One of the many reasons I hate Amazon. RT @WSJ: Jeff Bezos lost $7.4 billion in Amazon's worst year since 2008: http://on.wsj.com/1BmKuz3 $AMZN,0,0,0
550500854571098113,biznsPro,1420084606,“@WSJ: Jeff Bezos lost $7.4 billion in Amazon's worst year since 2008: http://on.wsj.com/1BmKuz3 $AMZN” I feel better now.,0,0,0
550501147250012160,SwingTradeAlert,1420084675,WSJ:Jeff Bezos lost $7.4 billion in Amazon's worst year since 2008: http://on.wsj.com/1BmKuz3 $AMZN,0,0,0
550501268519923712,The_ShumbaKing,1420084704," RT ""@WSJ: Jeff Bezos lost $7.4 billion in Amazon's worst year since 2008: http://on.wsj.com/1BmKuz3 $AMZN""",0,0,0
550501828547190784,Scott_Klemke,1420084838,"""@WSJ: Jeff Bezos lost $7.4 billion in Amazon's worst year since 2008: http://on.wsj.com/1BmKuz3 $AMZN""",0,0,0
550501951067418624,oh_HOLMES,1420084867,Damn! Lol RT @WSJ: Jeff Bezos lost $7.4 billion in Amazon's worst year since 2008: http://on.wsj.com/1BmKuz3 $AMZN,0,0,0
550502180466491392,newscaster,1420084922,"That's with a ""B"". @WSJ: Jeff Bezos lost $7.4 billion in Amazon's worst year since 2008: http://on.wsj.com/1BmKuz3 $AMZN",0,0,0
550502942407929857,smoran26,1420085103,"Yes to the first person with a guess - winner - the *STOCK OF THE YEAR* is $AAPL - Other stocks had bigger years, but not one this size.",0,0,0
550503223485009920,smoran26,1420085170,"If you had a fantasy blue - chip portfolio, packed with only dividend payers of at least 1.5% yield and up - $AAPL is your rock star.",0,0,0
550503273401417728,Stockaholics,1420085182,Our Penny Stock Picks Gained Over 968% In the Past 5 Weeks! Get our next pick early: http://tinyurl.com/p46mnk2 $XLF $F $FN $MSFT,0,0,0
550503749085454336,gautamkamath,1420085296,Beginning of the end? @WSJ: Jeff Bezos lost $7.4 billion in Amazon's worst year since 2008: http://on.wsj.com/1BmKuz3 $AMZN,0,0,0
550503763635896320,itassessors,1420085299,Jeff Bezos lost $7.4 billion in Amazon's worst year since 2008: http://on.wsj.com/1BmKuz3 $AMZN,0,0,0
550504832684261376,smoran26,1420085554,"@jdude988 the next part is short, but if you've followed the blog, seeing me post about $AAPL computer is very usual. Now the long drawn",0,0,0
550505199241277440,Stockaholics,1420085642,Our Penny Stock Picks Gained Over 968% In the Past 5 Weeks! Get our next pick early: http://tinyurl.com/p46mnk2 $TRX $AAPL $GOOG,0,0,0
550505287682383872,Stockaholics,1420085663,Our Penny Stock Picks Gained Over 968% In the Past 5 Weeks! Get our next pick early: http://tinyurl.com/p46mnk2 $MSFT $ORCL $VOD,0,0,0
550505375611764736,Stockaholics,1420085684,Our Penny Stock Picks Gained Over 968% In the Past 5 Weeks! Get our next pick early: http://tinyurl.com/p46mnk2 $AMZN $QCOM $CSCO,0,0,0
550505412337106944,OUDMG,1420085692,RT WSJ: Jeff Bezos lost $7.4 billion in Amazon's worst year since 2008: http://on.wsj.com/1BmKuz3  $AMZN,0,0,0
550505446134386689,smoran26,1420085700,Stock of the Year: $AAPL Computer -  http://stephenjohnmoran.com/financenews/stock-of-the-year-aapl-computer… via @weebly,0,0,0
550506575182708736,RubiconAssoc,1420085970,Apple Customers Sue Over Shortage of Storage Space in iOS 8.  $AAPL. Forcing folks to the iCloud.,0,0,0
550508554642550784,EarnStock,1420086442,Options Investor Newsletter Issue 137 http://stocksaints.com/newsletter/12886/options_investor_newsletter_issue_137… $USO $AMZN $TSLA $EXC $ALL $DVA @RobertWeinstein @stocksaints,0,0,0
550510764042121217,smoran26,1420086968,*FEATURE PRESENTATION* - THE MASSACRE: PART ONE - Stock of the Year - $AAPL Computer #Vegas #NYE  http://stephenjohnmoran.com/a-writers-diary/feature-presentation-the-massacre-part-one-stock-of-the-year-aapl-computer-vegas-nye… via @weebly,0,0,0
550513366331305984,hroblesq,1420087589,Jeff Bezos lost $7.4 billion in Amazon's worst year since 2008: http://on.wsj.com/1BmKuz3 $AMZN,0,0,0
550513497206169600,EarnStock,1420087620,Spouse seeing #Amazon Prime gift orders? Share your acct so it doesn't happen anymore $AMZN  http://1reason.com/ins/insurance-tips-advice/how-to-share-your-amazon-prime-free-two-day-shipping-with-family/…,0,0,0
550513952820432897,TradeInTheZone,1420087729,Loved that $Googl ad,0,0,0
550514037155704832,davidspitz,1420087749,"@skupor @business hmm, maybe peer selection bias. $aapl spends less as a % of revenue on R&D.",0,0,1
550515119432937472,aubrey1962,1420088007,Jeff Bezos lost $7.4 billion in Amazon's worst year since 2008: http://on.wsj.com/1BmKuz3 $AMZN,0,0,0
550517928399888384,jrs101780,1420088676,@davenathan I just expected something more extravagant. Like $aapl buys $tsla and develops the most bad ass car,1,0,0
550518033622368256,bobcatturner,1420088702,"Week's Winners and Losers: Apple Gels, Marriott Jams  http://aol.it/1tq4V9S via @daily_finance $AAPL $MU $MAR",0,0,0
550518164774060032,bobcatturner,1420088733,"FedEx, UPS Recalculate, Raise Rates  http://aol.it/1tq59hn via @daily_finance $UPS $FDX $AMZN",0,0,0
550518721500827648,bobcatturner,1420088866,Will Facebook Score a Touchdown With the NFL?  http://aol.it/1tq6bd3 via @daily_finance $FB $VZ $GOOG,0,0,0
550518877075955712,bobcatturner,1420088903,If At-Risk Companies Made New Year's Resolutions ...  http://aol.it/1tq6p45 via @daily_finance $MCD $WMT $TSLA,0,0,0
550519544595623936,SSaints1,1420089062,Don't let your Spouse see your #Amazon Prime orders. Share your acct insead $AMZN  http://dld.bz/d4w5k,0,0,0
550520264228737024,MilesGeauxbye,1420089233,GOOD LUCK“@WSJ: Apple is being sued for falsely advertising the storage capacity of iPhones: http://on.wsj.com/13TL64c $AAPL”,0,0,0
550521222492995584,m3pols,1420089462,Bizarre Global Times editorial re $GOOG email blockage in China,0,0,0
550521659044552706,bullandbearmash,1420089566,"Commented on: ""2015 Will Be Apple's Year: Raising Price Target To $174"" http://seekingalpha.com/a/1nr6d $AAPL",0,0,0
550523990243295232,TCBFx,1420090122,The Closing Bell is out! http://paper.li/BonaCapital/1408551985… $EURUSD $GBPUSD $USDJPY $AUDUSD $SPY $TWTR $GPRO $YHOO $LNKD $FB $AAPL $BRD $CAT $WLT $LNKD,0,0,1
550526142256386050,GaryThomson14,1420090635,Happy 2015! $TSLA $VE $ORAN $HES $GEL $HBHC $CNI $BNS Weekly Review http://iknowfirst.com/know-first-review-december-31st-2014… $SPY,0,0,0
550526613071605760,stockwire24,1420090747,Apple Inc. (AAPL) May Be Too Dependent On The iPhone: BGC $AAPL http://bit.ly/1zz1lwr,0,0,0
550527108619845632,SeekingAlpha,1420090865,Apple: Asian Carriers Are Making iPhone 6 Cheaper To Postpaid Subscribers http://seekingalpha.com/article/2791555-apple-asian-carriers-are-making-iphone-6-cheaper-to-postpaid-subscribers?source=feed_f… $GOOG #GOOGLE $SGTCF $AAPL,0,0,1
550527111383896064,QP_AAPL,1420090866,"$AAPL News: ""Apple: Asian Carriers Are Making iPhone 6 Cheaper To Postpaid…"" http://seekingalpha.com/article/2791555-apple-asian-carriers-are-making-iphone-6-cheaper-to-postpaid-subscribers?source=feed_f… Board view: https://quantpost.com/list/?symbol=AAPL…",0,0,0
550528293867241473,baudwalk,1420091148,Commented on StockTwits: No reason for $AMZN to buy $RSH that has no assets. Real estate are leases. http://stks.co/d1R5N,0,0,2
550528465695694848,kevinleosmith,1420091189,2015 Will Be Apple's Year: Raising Price Target To $174 - Apple Inc. (NASDAQ:AAPL) | Seeking Alpha $AAPL,0,0,0
550530027012382721,LeRatton,1420091561,Apple: Asian Carriers Are Making iPhone 6 Cheaper To Postpaid Subscribers $AAPL  $GOOG $SGTCF http://seekingalpha.com/article/2791555?source=iphoneportfolioapp_twitter…,0,0,0
550530315450466304,LeRatton,1420091630,"""I am proud to report that emerging markets wireless operators are increasing their support for the iPhone 6."" $aapl #iPhone6",0,0,0
550534430805471232,Market_Screener,1420092611,#GOOGLE 'C' : IPS partners with Google to promote 'Digital Dynamism' http://4-traders.com/GOOGLE-INC-C-16118013/news/GOOGLE-C--IPS-partners-with-Google-to-promote-Digital-Dynamism-19608940/… $GOOG,0,0,0
550535222882996224,DukascopyForex,1420092800,"$AAPL stock content, charts, analysis, & more  -  Free  -  http://forex-trading-unlocked.com/AAPL-Apple-Stock.html…",0,0,0
550536268988166145,MedicalQuack,1420093049,RT @WSJ: Jeff Bezos lost $7.4 billion in Amazon's worst year since 2008: http://on.wsj.com/1Acvuo6 $AMZN,0,0,1
550537419012210688,Market_Screener,1420093323,"#Music Downloads Plummet in U.S., but Sales of Vinyl Records and Streaming Surge http://4-traders.com/GOOGLE-INC-9469/news/Music-Downloads-Plummet-in-US-but-Sales-of-Vinyl-Records-and-Streaming-Surge-19608982/… $GOOGL",0,0,0
550538961542606849,ALUCARD_Doge,1420093691,Jeff Bezos lost $7.4 billion in Amazon's worst year since 2008: http://on.wsj.com/1Acvuo6 $AMZN,0,0,0
550538983671730178,CodeRobot77,1420093696,Jeff Bezos lost $7.4 billion in Amazon's worst year since 2008: http://on.wsj.com/1BmKuz3 $AMZN,0,0,0
550539994159669249,IanGertler,1420093937,Wow! $AAPL #mobile MT @stevesi 'Computing power in iPhone 5S in '91 would have cost $3.56 million.' http://businessinsider.com/technology-the-great-equalizer-2014-12…,0,4,4
550540927232929793,y3khan,1420094160,2014 is when $aapl came back from hibernation,0,0,0
550541192208089088,NASDAQODUK,1420094223,"$GOOG - Music Downloads Plummet in U.S., but Sales of Vinyl Records and Streaming Surge http://uk.advfn.com/news/DJN/2015/article/64950865?xref=newsalerttweet&adw=1126416…",0,0,0
550541197421588480,NASDAQODUK,1420094224,"$GOOGL - Music Downloads Plummet in U.S., but Sales of Vinyl Records and Streaming Surge http://uk.advfn.com/news/DJN/2015/article/64950866?xref=newsalerttweet&adw=1126416…",0,0,0
550541203473969152,yahyapatel,1420094226,"$GOOG - Music Downloads Plummet in U.S., but Sales of Vinyl Records and Streaming Surge http://uk.advfn.com/news/DJN/2015/article/64950865?xref=newsalerttweet&adw=1126416…",0,0,0
550541216262402048,ADVFNplc,1420094229,"$GOOG - Music Downloads Plummet in U.S., but Sales of Vinyl Records and Streaming Surge http://uk.advfn.com/news/DJN/2015/article/64950865?xref=newsalerttweet&adw=1126416…",0,0,0
550541229260554241,johnoduk,1420094232,"$GOOG - Music Downloads Plummet in U.S., but Sales of Vinyl Records and Streaming Surge http://uk.advfn.com/news/DJN/2015/article/64950865?xref=newsalerttweet&adw=1126416…",0,0,0
550541247958749185,VisualStockRSRC,1420094236,"$GOOG - Music Downloads Plummet in U.S., but Sales of Vinyl Records and Streaming Surge http://ih.advfn.com/p.php?pid=nmona&article=64950865&xref=newsalerttweet&adw=1126416…",0,0,0
550541266761822208,rubenmalerva,1420094241,"$GOOG - Music Downloads Plummet in U.S., but Sales of Vinyl Records and Streaming Surge http://mx.advfn.com/p.php?pid=nmona&article=64950865&xref=newsalerttweet&adw=1126416…",0,0,0
550541279642517504,wallstreetstock,1420094244,"$GOOGL - Music Downloads Plummet in U.S., but Sales of Vinyl Records and Streaming Surge http://ih.advfn.com/p.php?pid=nmona&article=64950866&xref=newsalerttweet&adw=1126416…",0,0,0
550543810468773888,FTUtweet,1420094847,"$AAPL stock content, charts, analysis, & more  -  Free  -  http://forex-trading-unlocked.com/AAPL-Apple-Stock.html…",0,0,0
550546944351666178,TopFlightTrades,1420095594,"For a Limited Time, Get free Premium Picks for LIFE! $GILD $ARWR $AAPL  http://topflighttrades.com",0,0,0
550547787365249024,Market_Screener,1420095795,#GOOGLE 'C' : Forward vision ; what's on the web  http://4-traders.com/GOOGLE-INC-C-16118013/news/GOOGLE-C--Forward-vision--whats-on-the-web-19609065/… $GOOG,0,0,0
550550119527890944,KerimaGreene,1420096351,"Elon Musk divorces wife again, this time giving her a $16M payday after getting $4M when they split two years before. Via @MailOnline $TSLA",0,1,1
550550191565045761,SeekingAlpha,1420096369,Bankers Face BlackBerry Dilemma As EZ Pass Program Expires http://seekingalpha.com/article/2791665-bankers-face-blackberry-dilemma-as-ez-pass-program-expires?source=feed_f… $AAPL #APPLE $SSNLF $BBRY,0,3,0
550550196984086528,QP_AAPL,1420096370,"$AAPL News: ""Bankers Face BlackBerry Dilemma As EZ Pass Program Expires $AAPL …"" http://seekingalpha.com/article/2791665-bankers-face-blackberry-dilemma-as-ez-pass-program-expires?source=feed_f… Board view: https://quantpost.com/list/?symbol=AAPL…",0,0,0
550559515515842561,celtinvest,1420098592,Les leaders de 2014:- Dow Jones: $INTC +41%; $UNH +35%; $HD +28%; $CSCO +25%; $MSFT +25%.- S&P 500: $LUV +125%;... http://fb.me/1ru0DOAlE,0,0,1
550564752670216193,Redroadmaster,1420099840,"On the 2015 Menu: Smokiness, Bitterness and Pistachios  http://aol.it/1tDShKj via @daily_finance $CMG $AMZN",0,0,0
550564968685264897,TAJody,1420099892,"FedEx, UPS Recalculate, Raise Rates  http://aol.it/1K3sa4j via @daily_finance $UPS $FDX $AMZN",0,0,0
550568034557911040,Top_Dow_Stocks,1420100623,#Dow #stocks $MSFT Microsoft  Daily:-1.21% Weekly:-3.51% YTD:26.77% Trend:13 / 100  http://12Stocks.com/MSFT,0,0,0
550569345747673088,eriknordeus,1420100935,Images showing the first Tesla Battery Swap Station http://imgur.com/a/bqBSh via @imgur $tsla,0,0,0
550571472545415168,GiveBack2011,1420101442,2015 $AAPL prediction. The next big thing will be a gaming console built into AppleTV - @tim_cook  can't ignore gaming.,0,0,0
550572313393913856,Sara20992,1420101643,"THE BINARY OPTIONS COMPETITION WIN $100,000 http://option.go2jump.org/SHRM34 $LNKD $AAPL $GOOGL $GOOLD #bones #options #forex #forextrading #Bonus",0,0,0
550574895609151488,CryptoGrain,1420102258,Jeff Bezos lost $7.4 billion in Amazon's worst year since 2008: http://on.wsj.com/1BmKuz3 $AMZN,0,0,1
550578124615086080,10Pipstweet,1420103028,"$AAPL stock content, charts, analysis, & more  -  Free  -",0,0,0
550582784109346816,stockwire24,1420104139,"http://Amazon.com, Inc. (AMZN) Delivery Workers Earn Only $225 For 150 Packages $AMZN http://bit.ly/1rDWdcI",0,0,0
550585500260909056,DukascopyForex,1420104787,"$AAPL stock content, charts, analysis, & more  -  Free  -  http://forex-trading-unlocked.com/AAPL-Apple-Stock.html…",0,0,0
550589141201588225,BargainTrapper,1420105655,http://goo.gl/6XU0N0  SuperTrades student on track to $1 million profit 1st year trading! $IBB $BIB $BIIB $GOOGL $NFLX $IBM,0,0,0
550589708036608001,moaz,1420105790,"Knight Rider; @BMW Remote Valet Parking, CarPlay, and soon Apple Watch http://press.bmwgroup.com/Ccnyn #CES2015 $AAPL $BMW",0,3,0
550589778463580161,iknowfirst_br,1420105807,Stock Market Outlook: An Average Return Of 26.51% In A Year http://ow.ly/GDkWv #aggressives #risk #stocks $TSLA $GILD $RAD,0,0,0
550589778908164098,Gold_prediction,1420105807,Stock Market Outlook: An Average Return Of 26.51% In A Year http://ow.ly/GDkWv #aggressives #risk #stocks $TSLA $GILD $RAD,0,0,0
550589778971086850,Cprediction,1420105807,Stock Market Outlook: An Average Return Of 26.51% In A Year http://ow.ly/GDkWv #aggressives #risk #stocks $TSLA $GILD $RAD,0,0,0
550589781810642945,i_Know_First,1420105808,Stock Market Outlook: An Average Return Of 26.51% In A Year http://ow.ly/GDkWv #aggressives #risk #stocks $TSLA $GILD $RAD,0,1,2
